{"error": true, "size": [1920, 1080], "name": "Class of '09", "version": "1.0", "location": {"label": {}, "define": {"fade": ["game/renpy/common/00definitions.rpy", 335], "dissolve": ["game/renpy/common/00definitions.rpy", 336], "pixellate": ["game/renpy/common/00definitions.rpy", 337], "wiperight": ["game/renpy/common/00definitions.rpy", 340], "wipeleft": ["game/renpy/common/00definitions.rpy", 341], "wipeup": ["game/renpy/common/00definitions.rpy", 342], "wipedown": ["game/renpy/common/00definitions.rpy", 343], "slideright": ["game/renpy/common/00definitions.rpy", 345], "slideleft": ["game/renpy/common/00definitions.rpy", 346], "slideup": ["game/renpy/common/00definitions.rpy", 347], "slidedown": ["game/renpy/common/00definitions.rpy", 348], "slideawayright": ["game/renpy/common/00definitions.rpy", 350], "slideawayleft": ["game/renpy/common/00definitions.rpy", 351], "slideawayup": ["game/renpy/common/00definitions.rpy", 352], "slideawaydown": ["game/renpy/common/00definitions.rpy", 353], "irisout": ["game/renpy/common/00definitions.rpy", 355], "irisin": ["game/renpy/common/00definitions.rpy", 356], "pushright": ["game/renpy/common/00definitions.rpy", 359], "pushleft": ["game/renpy/common/00definitions.rpy", 360], "pushup": ["game/renpy/common/00definitions.rpy", 361], "pushdown": ["game/renpy/common/00definitions.rpy", 362], "zoomin": ["game/renpy/common/00definitions.rpy", 365], "zoomout": ["game/renpy/common/00definitions.rpy", 366], "zoominout": ["game/renpy/common/00definitions.rpy", 367], "vpunch": ["game/renpy/common/00definitions.rpy", 371], "hpunch": ["game/renpy/common/00definitions.rpy", 372], "blinds": ["game/renpy/common/00definitions.rpy", 375], "squares": ["game/renpy/common/00definitions.rpy", 376]}, "screen": {"director_move_button": ["game/renpy/common/00director.rpy", 1477], "director_lines": ["game/renpy/common/00director.rpy", 1492], "director_statement": ["game/renpy/common/00director.rpy", 1559], "director_with_statement": ["game/renpy/common/00director.rpy", 1587], "director_audio_statement": ["game/renpy/common/00director.rpy", 1599], "director_footer": ["game/renpy/common/00director.rpy", 1617], "director_choices": ["game/renpy/common/00director.rpy", 1645], "director_kind": ["game/renpy/common/00director.rpy", 1667], "director_tag": ["game/renpy/common/00director.rpy", 1688], "director_attributes": ["game/renpy/common/00director.rpy", 1704], "director_transform": ["game/renpy/common/00director.rpy", 1722], "director_behind": ["game/renpy/common/00director.rpy", 1741], "director_with": ["game/renpy/common/00director.rpy", 1760], "director_channel": ["game/renpy/common/00director.rpy", 1778], "director_audio": ["game/renpy/common/00director.rpy", 1796], "director": ["game/renpy/common/00director.rpy", 1817], "notify": ["game/renpy/common/00action_other.rpy", 798], "gallery_navigation": ["game/renpy/common/00gallery.rpy", 640], "updater": ["game/renpy/common/00updater.rpy", 1593]}, "transform": {"reset": ["game/renpy/common/00definitions.rpy", 29], "left": ["game/renpy/common/00definitions.rpy", 35], "right": ["game/renpy/common/00definitions.rpy", 38], "center": ["game/renpy/common/00definitions.rpy", 41], "truecenter": ["game/renpy/common/00definitions.rpy", 44], "topleft": ["game/renpy/common/00definitions.rpy", 47], "topright": ["game/renpy/common/00definitions.rpy", 50], "top": ["game/renpy/common/00definitions.rpy", 53], "offscreenleft": ["game/renpy/common/00definitions.rpy", 59], "offscreenright": ["game/renpy/common/00definitions.rpy", 62], "default": ["game/renpy/common/00definitions.rpy", 65], "Swing": ["game/renpy/common/00definitions.rpy", 378]}, "callable": {"predict_say": ["game/renpy/common/00library.rpy", 275], "say": ["game/renpy/common/00library.rpy", 282], "DictEquality.__eq__": ["game/renpy/common/00library.rpy", 41], "DictEquality.__ne__": ["game/renpy/common/00library.rpy", 58], "FieldEquality.__eq__": ["game/renpy/common/00library.rpy", 71], "FieldEquality.__ne__": ["game/renpy/common/00library.rpy", 98], "extend": ["game/renpy/common/00library.rpy", 162], "SideImage": ["game/renpy/common/00sideimage.rpy", 88], "SetField.__init__": ["game/renpy/common/00action_data.rpy", 68], "SetField.__call__": ["game/renpy/common/00action_data.rpy", 74], "SetField.get_selected": ["game/renpy/common/00action_data.rpy", 78], "ToggleField.__init__": ["game/renpy/common/00action_data.rpy", 209], "ToggleField.__call__": ["game/renpy/common/00action_data.rpy", 216], "ToggleField.get_selected": ["game/renpy/common/00action_data.rpy", 233], "SetVariable": ["game/renpy/common/00action_data.rpy", 81], "ToggleVariable": ["game/renpy/common/00action_data.rpy", 242], "SetDict.__init__": ["game/renpy/common/00action_data.rpy", 108], "SetDict.__call__": ["game/renpy/common/00action_data.rpy", 113], "SetDict.get_selected": ["game/renpy/common/00action_data.rpy", 117], "ToggleDict.__init__": ["game/renpy/common/00action_data.rpy", 281], "ToggleDict.__call__": ["game/renpy/common/00action_data.rpy", 287], "ToggleDict.get_selected": ["game/renpy/common/00action_data.rpy", 304], "SetScreenVariable.__init__": ["game/renpy/common/00action_data.rpy", 140], "SetScreenVariable.__call__": ["game/renpy/common/00action_data.rpy", 144], "SetScreenVariable.get_selected": ["game/renpy/common/00action_data.rpy", 154], "ToggleScreenVariable.__init__": ["game/renpy/common/00action_data.rpy", 360], "ToggleScreenVariable.__call__": ["game/renpy/common/00action_data.rpy", 365], "ToggleScreenVariable.get_selected": ["game/renpy/common/00action_data.rpy", 387], "SetLocalVariable": ["game/renpy/common/00action_data.rpy", 167], "ToggleLocalVariable": ["game/renpy/common/00action_data.rpy", 316], "AddToSet.__init__": ["game/renpy/common/00action_data.rpy", 421], "AddToSet.get_sensitive": ["game/renpy/common/00action_data.rpy", 425], "AddToSet.__call__": ["game/renpy/common/00action_data.rpy", 428], "RemoveFromSet.__init__": ["game/renpy/common/00action_data.rpy", 452], "RemoveFromSet.get_sensitive": ["game/renpy/common/00action_data.rpy", 456], "RemoveFromSet.__call__": ["game/renpy/common/00action_data.rpy", 459], "ToggleSetMembership.__init__": ["game/renpy/common/00action_data.rpy", 486], "ToggleSetMembership.get_selected": ["game/renpy/common/00action_data.rpy", 490], "ToggleSetMembership.__call__": ["game/renpy/common/00action_data.rpy", 493], "toggle_skipping": ["game/renpy/common/00keymap.rpy", 213], "DisableAllInputValues.__call__": ["game/renpy/common/00inputvalues.rpy", 76], "InputValue.get_text": ["game/renpy/common/00inputvalues.rpy", 87], "InputValue.set_text": ["game/renpy/common/00inputvalues.rpy", 90], "InputValue.enter": ["game/renpy/common/00inputvalues.rpy", 93], "InputValue.Enable": ["game/renpy/common/00inputvalues.rpy", 99], "InputValue.Disable": ["game/renpy/common/00inputvalues.rpy", 105], "InputValue.Toggle": ["game/renpy/common/00inputvalues.rpy", 111], "ScreenVariableInputValue.__init__": ["game/renpy/common/00inputvalues.rpy", 171], "ScreenVariableInputValue.get_text": ["game/renpy/common/00inputvalues.rpy", 179], "ScreenVariableInputValue.set_text": ["game/renpy/common/00inputvalues.rpy", 183], "FieldInputValue.__init__": ["game/renpy/common/00inputvalues.rpy", 209], "FieldInputValue.get_text": ["game/renpy/common/00inputvalues.rpy", 216], "FieldInputValue.set_text": ["game/renpy/common/00inputvalues.rpy", 219], "VariableInputValue.__init__": ["game/renpy/common/00inputvalues.rpy", 138], "VariableInputValue.get_text": ["game/renpy/common/00inputvalues.rpy", 144], "VariableInputValue.set_text": ["game/renpy/common/00inputvalues.rpy", 147], "DictInputValue.__init__": ["game/renpy/common/00inputvalues.rpy", 241], "DictInputValue.get_text": ["game/renpy/common/00inputvalues.rpy", 248], "DictInputValue.set_text": ["game/renpy/common/00inputvalues.rpy", 251], "alt": ["game/renpy/common/00accessibility.rpy", 46], "sv": ["game/renpy/common/00accessibility.rpy", 46], "Play.__init__": ["game/renpy/common/00action_audio.rpy", 52], "Play.__call__": ["game/renpy/common/00action_audio.rpy", 63], "Play.get_selected": ["game/renpy/common/00action_audio.rpy", 67], "Play.periodic": ["game/renpy/common/00action_audio.rpy", 75], "Queue.__init__": ["game/renpy/common/00action_audio.rpy", 100], "Queue.__call__": ["game/renpy/common/00action_audio.rpy", 105], "Stop.__init__": ["game/renpy/common/00action_audio.rpy", 122], "Stop.__call__": ["game/renpy/common/00action_audio.rpy", 126], "SetMixer.__init__": ["game/renpy/common/00action_audio.rpy", 146], "SetMixer.__call__": ["game/renpy/common/00action_audio.rpy", 150], "SetMixer.get_selected": ["game/renpy/common/00action_audio.rpy", 154], "SetMute.__init__": ["game/renpy/common/00action_audio.rpy", 174], "SetMute.__call__": ["game/renpy/common/00action_audio.rpy", 181], "SetMute.get_selected": ["game/renpy/common/00action_audio.rpy", 187], "ToggleMute.__init__": ["game/renpy/common/00action_audio.rpy", 207], "ToggleMute.__call__": ["game/renpy/common/00action_audio.rpy", 213], "ToggleMute.get_selected": ["game/renpy/common/00action_audio.rpy", 221], "PauseAudio.__init__": ["game/renpy/common/00action_audio.rpy", 241], "PauseAudio.__call__": ["game/renpy/common/00action_audio.rpy", 245], "PauseAudio.get_selected": ["game/renpy/common/00action_audio.rpy", 253], "NullAction.__call__": ["game/renpy/common/00action_control.rpy", 35], "Return.__init__": ["game/renpy/common/00action_control.rpy", 53], "Return.__call__": ["game/renpy/common/00action_control.rpy", 56], "Jump.__init__": ["game/renpy/common/00action_control.rpy", 75], "Jump.__call__": ["game/renpy/common/00action_control.rpy", 78], "Call.__init__": ["game/renpy/common/00action_control.rpy", 93], "Call.__call__": ["game/renpy/common/00action_control.rpy", 98], "Show.__init__": ["game/renpy/common/00action_control.rpy", 121], "Show.predict": ["game/renpy/common/00action_control.rpy", 127], "Show.__call__": ["game/renpy/common/00action_control.rpy", 130], "Show.get_selected": ["game/renpy/common/00action_control.rpy", 138], "ToggleScreen.__init__": ["game/renpy/common/00action_control.rpy", 159], "ToggleScreen.predict": ["game/renpy/common/00action_control.rpy", 165], "ToggleScreen.__call__": ["game/renpy/common/00action_control.rpy", 168], "ToggleScreen.get_selected": ["game/renpy/common/00action_control.rpy", 179], "ShowTransient": ["game/renpy/common/00action_control.rpy", 183], "Hide.__init__": ["game/renpy/common/00action_control.rpy", 222], "Hide.__call__": ["game/renpy/common/00action_control.rpy", 227], "FileCurrentPage": ["game/renpy/common/00action_file.rpy", 179], "FileUsedSlots": ["game/renpy/common/00action_file.rpy", 188], "FileLoadable": ["game/renpy/common/00action_file.rpy", 218], "FileScreenshot": ["game/renpy/common/00action_file.rpy", 228], "FileTime": ["game/renpy/common/00action_file.rpy", 250], "FileJson": ["game/renpy/common/00action_file.rpy", 271], "FileSaveName": ["game/renpy/common/00action_file.rpy", 299], "FileNewest": ["game/renpy/common/00action_file.rpy", 309], "FileSave.__init__": ["game/renpy/common/00action_file.rpy", 353], "FileSave.__call__": ["game/renpy/common/00action_file.rpy", 368], "FileSave.get_sensitive": ["game/renpy/common/00action_file.rpy", 387], "FileSave.get_selected": ["game/renpy/common/00action_file.rpy", 397], "FileLoad.__init__": ["game/renpy/common/00action_file.rpy", 433], "FileLoad.__call__": ["game/renpy/common/00action_file.rpy", 449], "FileLoad.get_sensitive": ["game/renpy/common/00action_file.rpy", 465], "FileLoad.get_selected": ["game/renpy/common/00action_file.rpy", 471], "FileDelete.__init__": ["game/renpy/common/00action_file.rpy", 501], "FileDelete.__call__": ["game/renpy/common/00action_file.rpy", 507], "FileDelete.get_sensitive": ["game/renpy/common/00action_file.rpy", 520], "FileAction": ["game/renpy/common/00action_file.rpy", 524], "FilePage.__init__": ["game/renpy/common/00action_file.rpy", 573], "FilePage.__call__": ["game/renpy/common/00action_file.rpy", 583], "FilePage.get_selected": ["game/renpy/common/00action_file.rpy", 590], "FilePage.predict": ["game/renpy/common/00action_file.rpy", 593], "FilePageName": ["game/renpy/common/00action_file.rpy", 596], "FilePageNameInputValue.__init__": ["game/renpy/common/00action_file.rpy", 639], "FilePageNameInputValue.get_page": ["game/renpy/common/00action_file.rpy", 649], "FilePageNameInputValue.get_text": ["game/renpy/common/00action_file.rpy", 666], "FilePageNameInputValue.set_text": ["game/renpy/common/00action_file.rpy", 688], "FilePageNameInputValue.enter": ["game/renpy/common/00action_file.rpy", 706], "FileSlotName": ["game/renpy/common/00action_file.rpy", 711], "FilePageNext.__init__": ["game/renpy/common/00action_file.rpy", 782], "FilePageNext.__call__": ["game/renpy/common/00action_file.rpy", 815], "FilePageNext.get_sensitive": ["game/renpy/common/00action_file.rpy", 822], "FilePageNext.predict": ["game/renpy/common/00action_file.rpy", 825], "FilePagePrevious.__init__": ["game/renpy/common/00action_file.rpy", 854], "FilePagePrevious.__call__": ["game/renpy/common/00action_file.rpy", 885], "FilePagePrevious.get_sensitive": ["game/renpy/common/00action_file.rpy", 892], "FilePagePrevious.predict": ["game/renpy/common/00action_file.rpy", 895], "FileTakeScreenshot.__call__": ["game/renpy/common/00action_file.rpy", 908], "QuickSave": ["game/renpy/common/00action_file.rpy", 912], "QuickLoad": ["game/renpy/common/00action_file.rpy", 938], "ShowMenu.__init__": ["game/renpy/common/00action_menu.rpy", 67], "ShowMenu.predict": ["game/renpy/common/00action_menu.rpy", 73], "ShowMenu.__call__": ["game/renpy/common/00action_menu.rpy", 77], "ShowMenu.get_selected": ["game/renpy/common/00action_menu.rpy", 112], "ShowMenu.get_sensitive": ["game/renpy/common/00action_menu.rpy", 120], "Start.__init__": ["game/renpy/common/00action_menu.rpy", 144], "Start.__call__": ["game/renpy/common/00action_menu.rpy", 147], "MainMenu.__init__": ["game/renpy/common/00action_menu.rpy", 171], "MainMenu.__call__": ["game/renpy/common/00action_menu.rpy", 175], "MainMenu.get_sensitive": ["game/renpy/common/00action_menu.rpy", 188], "Quit.__init__": ["game/renpy/common/00action_menu.rpy", 206], "Quit.__call__": ["game/renpy/common/00action_menu.rpy", 209], "Skip.__init__": ["game/renpy/common/00action_menu.rpy", 244], "Skip.__call__": ["game/renpy/common/00action_menu.rpy", 248], "Skip.get_selected": ["game/renpy/common/00action_menu.rpy", 280], "Skip.get_sensitive": ["game/renpy/common/00action_menu.rpy", 286], "Help.__init__": ["game/renpy/common/00action_menu.rpy", 327], "Help.__call__": ["game/renpy/common/00action_menu.rpy", 330], "InvertSelected.__init__": ["game/renpy/common/00action_other.rpy", 33], "InvertSelected.__call__": ["game/renpy/common/00action_other.rpy", 41], "InvertSelected.get_selected": ["game/renpy/common/00action_other.rpy", 44], "InvertSelected.get_sensitive": ["game/renpy/common/00action_other.rpy", 47], "InvertSelected.periodic": ["game/renpy/common/00action_other.rpy", 50], "InvertSelected.predict": ["game/renpy/common/00action_other.rpy", 53], "If": ["game/renpy/common/00action_other.rpy", 56], "SelectedIf.__init__": ["game/renpy/common/00action_other.rpy", 90], "SelectedIf.__call__": ["game/renpy/common/00action_other.rpy", 97], "SelectedIf.get_selected": ["game/renpy/common/00action_other.rpy", 102], "SensitiveIf.__init__": ["game/renpy/common/00action_other.rpy", 123], "SensitiveIf.__call__": ["game/renpy/common/00action_other.rpy", 130], "SensitiveIf.get_sensitive": ["game/renpy/common/00action_other.rpy", 135], "Screenshot.__call__": ["game/renpy/common/00action_other.rpy", 146], "HideInterface.__call__": ["game/renpy/common/00action_other.rpy", 158], "OpenURL.__init__": ["game/renpy/common/00action_other.rpy", 170], "OpenURL.__call__": ["game/renpy/common/00action_other.rpy", 173], "With.__init__": ["game/renpy/common/00action_other.rpy", 187], "With.__call__": ["game/renpy/common/00action_other.rpy", 190], "Notify.__init__": ["game/renpy/common/00action_other.rpy", 202], "Notify.predict": ["game/renpy/common/00action_other.rpy", 205], "Notify.__call__": ["game/renpy/common/00action_other.rpy", 208], "Rollback.__init__": ["game/renpy/common/00action_other.rpy", 227], "Rollback.__call__": ["game/renpy/common/00action_other.rpy", 232], "Rollback.get_sensitive": ["game/renpy/common/00action_other.rpy", 235], "RollbackToIdentifier.__init__": ["game/renpy/common/00action_other.rpy", 246], "RollbackToIdentifier.__call__": ["game/renpy/common/00action_other.rpy", 249], "RollbackToIdentifier.get_sensitive": ["game/renpy/common/00action_other.rpy", 255], "RestartStatement.__call__": ["game/renpy/common/00action_other.rpy", 272], "RollForward.__call__": ["game/renpy/common/00action_other.rpy", 284], "RollForward.get_sensitive": ["game/renpy/common/00action_other.rpy", 287], "GetTooltip": ["game/renpy/common/00action_other.rpy", 293], "Tooltip.__init__": ["game/renpy/common/00action_other.rpy", 347], "Tooltip.Action": ["game/renpy/common/00action_other.rpy", 351], "Tooltip.action": ["game/renpy/common/00action_other.rpy", 351], "Language.__init__": ["game/renpy/common/00action_other.rpy", 383], "Language.__call__": ["game/renpy/common/00action_other.rpy", 386], "Language.get_selected": ["game/renpy/common/00action_other.rpy", 389], "Language.get_sensitive": ["game/renpy/common/00action_other.rpy", 392], "Replay.__init__": ["game/renpy/common/00action_other.rpy", 421], "Replay.__call__": ["game/renpy/common/00action_other.rpy", 426], "Replay.get_sensitive": ["game/renpy/common/00action_other.rpy", 439], "EndReplay.__init__": ["game/renpy/common/00action_other.rpy", 456], "EndReplay.__call__": ["game/renpy/common/00action_other.rpy", 459], "EndReplay.get_sensitive": ["game/renpy/common/00action_other.rpy", 469], "MouseMove.__init__": ["game/renpy/common/00action_other.rpy", 484], "MouseMove.__call__": ["game/renpy/common/00action_other.rpy", 489], "QueueEvent.__init__": ["game/renpy/common/00action_other.rpy", 502], "QueueEvent.__call__": ["game/renpy/common/00action_other.rpy", 506], "Function.__init__": ["game/renpy/common/00action_other.rpy", 534], "Function.__call__": ["game/renpy/common/00action_other.rpy", 542], "Confirm.__init__": ["game/renpy/common/00action_other.rpy", 572], "Confirm.__call__": ["game/renpy/common/00action_other.rpy", 578], "Confirm.get_sensitive": ["game/renpy/common/00action_other.rpy", 584], "Confirm.get_selected": ["game/renpy/common/00action_other.rpy", 590], "Confirm.get_tooltip": ["game/renpy/common/00action_other.rpy", 593], "Scroll.__init__": ["game/renpy/common/00action_other.rpy", 617], "Scroll.__call__": ["game/renpy/common/00action_other.rpy", 622], "OpenDirectory.__init__": ["game/renpy/common/00action_other.rpy", 670], "OpenDirectory.get_sensitive": ["game/renpy/common/00action_other.rpy", 678], "OpenDirectory.__call__": ["game/renpy/common/00action_other.rpy", 683], "CaptureFocus.__init__": ["game/renpy/common/00action_other.rpy", 719], "CaptureFocus.__call__": ["game/renpy/common/00action_other.rpy", 722], "ToggleFocus.__init__": ["game/renpy/common/00action_other.rpy", 739], "ToggleFocus.__call__": ["game/renpy/common/00action_other.rpy", 742], "ClearFocus.__init__": ["game/renpy/common/00action_other.rpy", 761], "ClearFocus.__call__": ["game/renpy/common/00action_other.rpy", 764], "GetFocusRect": ["game/renpy/common/00action_other.rpy", 768], "StaticValue.__init__": ["game/renpy/common/00barvalues.rpy", 38], "StaticValue.get_adjustment": ["game/renpy/common/00barvalues.rpy", 42], "AnimatedValue.__init__": ["game/renpy/common/00barvalues.rpy", 69], "AnimatedValue.get_adjustment": ["game/renpy/common/00barvalues.rpy", 81], "AnimatedValue.periodic": ["game/renpy/common/00barvalues.rpy", 85], "AnimatedValue.replaces": ["game/renpy/common/00barvalues.rpy", 103], "DictValue.__init__": ["game/renpy/common/00barvalues.rpy", 153], "DictValue.changed": ["game/renpy/common/00barvalues.rpy", 171], "DictValue.get_adjustment": ["game/renpy/common/00barvalues.rpy", 186], "DictValue.get_style": ["game/renpy/common/00barvalues.rpy", 206], "FieldValue.__init__": ["game/renpy/common/00barvalues.rpy", 248], "FieldValue.changed": ["game/renpy/common/00barvalues.rpy", 266], "FieldValue.get_adjustment": ["game/renpy/common/00barvalues.rpy", 281], "FieldValue.get_style": ["game/renpy/common/00barvalues.rpy", 301], "VariableValue": ["game/renpy/common/00barvalues.rpy", 304], "ScreenVariableValue.__init__": ["game/renpy/common/00barvalues.rpy", 372], "ScreenVariableValue.changed": ["game/renpy/common/00barvalues.rpy", 389], "ScreenVariableValue.get_adjustment": ["game/renpy/common/00barvalues.rpy", 406], "ScreenVariableValue.get_style": ["game/renpy/common/00barvalues.rpy", 431], "MixerValue.__init__": ["game/renpy/common/00barvalues.rpy", 449], "MixerValue.set_mixer": ["game/renpy/common/00barvalues.rpy", 452], "MixerValue.get_adjustment": ["game/renpy/common/00barvalues.rpy", 456], "MixerValue.get_style": ["game/renpy/common/00barvalues.rpy", 462], "XScrollValue.__init__": ["game/renpy/common/00barvalues.rpy", 476], "XScrollValue.get_adjustment": ["game/renpy/common/00barvalues.rpy", 479], "XScrollValue.get_style": ["game/renpy/common/00barvalues.rpy", 486], "YScrollValue.__init__": ["game/renpy/common/00barvalues.rpy", 500], "YScrollValue.get_adjustment": ["game/renpy/common/00barvalues.rpy", 503], "YScrollValue.get_style": ["game/renpy/common/00barvalues.rpy", 511], "AudioPositionValue.__init__": ["game/renpy/common/00barvalues.rpy", 527], "AudioPositionValue.get_pos_duration": ["game/renpy/common/00barvalues.rpy", 533], "AudioPositionValue.get_adjustment": ["game/renpy/common/00barvalues.rpy", 539], "AudioPositionValue.periodic": ["game/renpy/common/00barvalues.rpy", 544], "hyperlink_styler": ["game/renpy/common/00defaults.rpy", 186], "hyperlink_function": ["game/renpy/common/00defaults.rpy", 189], "hyperlink_sensitive": ["game/renpy/common/00defaults.rpy", 205], "Gallery.__init__": ["game/renpy/common/00gallery.rpy", 235], "Gallery.button": ["game/renpy/common/00gallery.rpy", 260], "Gallery.image": ["game/renpy/common/00gallery.rpy", 277], "Gallery.display": ["game/renpy/common/00gallery.rpy", 277], "Gallery.transform": ["game/renpy/common/00gallery.rpy", 296], "Gallery.unlock": ["game/renpy/common/00gallery.rpy", 310], "Gallery.condition": ["game/renpy/common/00gallery.rpy", 321], "Gallery.allprior": ["game/renpy/common/00gallery.rpy", 336], "Gallery.unlock_image": ["game/renpy/common/00gallery.rpy", 346], "Gallery.Action": ["game/renpy/common/00gallery.rpy", 361], "Gallery.make_button": ["game/renpy/common/00gallery.rpy", 379], "Gallery.get_fraction": ["game/renpy/common/00gallery.rpy", 437], "Gallery.show": ["game/renpy/common/00gallery.rpy", 470], "Gallery.Return": ["game/renpy/common/00gallery.rpy", 561], "Gallery.Next": ["game/renpy/common/00gallery.rpy", 570], "Gallery.Previous": ["game/renpy/common/00gallery.rpy", 585], "Gallery.ToggleSlideshow": ["game/renpy/common/00gallery.rpy", 600], "IdentityMatrix.get": ["game/renpy/common/00matrixcolor.rpy", 100], "SaturationMatrix.__init__": ["game/renpy/common/00matrixcolor.rpy", 129], "SaturationMatrix.get": ["game/renpy/common/00matrixcolor.rpy", 133], "TintMatrix.__init__": ["game/renpy/common/00matrixcolor.rpy", 158], "TintMatrix.__call__": ["game/renpy/common/00matrixcolor.rpy", 161], "BrightnessMatrix.get": ["game/renpy/common/00matrixcolor.rpy", 207], "OpacityMatrix.get": ["game/renpy/common/00matrixcolor.rpy", 226], "ContrastMatrix.get": ["game/renpy/common/00matrixcolor.rpy", 248], "ColorizeMatrix.__init__": ["game/renpy/common/00matrixcolor.rpy", 277], "ColorizeMatrix.__call__": ["game/renpy/common/00matrixcolor.rpy", 282], "HueMatrix.get": ["game/renpy/common/00matrixcolor.rpy", 319], "InvertMatrix.get": ["game/renpy/common/00matrixcolor.rpy", 349], "SepiaMatrix": ["game/renpy/common/00matrixcolor.rpy", 358], "MouseDisplayable.__init__": ["game/renpy/common/00mousedisplayable.rpy", 45], "MouseDisplayable.add": ["game/renpy/common/00mousedisplayable.rpy", 55], "MouseDisplayable.render": ["game/renpy/common/00mousedisplayable.rpy", 59], "MouseDisplayable.visit": ["game/renpy/common/00mousedisplayable.rpy", 92], "MusicRoom.__init__": ["game/renpy/common/00musicroom.rpy", 189], "MusicRoom.periodic": ["game/renpy/common/00musicroom.rpy", 270], "MusicRoom.add": ["game/renpy/common/00musicroom.rpy", 289], "MusicRoom.is_unlocked": ["game/renpy/common/00musicroom.rpy", 319], "MusicRoom.unlocked_playlist": ["game/renpy/common/00musicroom.rpy", 332], "MusicRoom.play": ["game/renpy/common/00musicroom.rpy", 357], "MusicRoom.queue_if_playing": ["game/renpy/common/00musicroom.rpy", 400], "MusicRoom.stop": ["game/renpy/common/00musicroom.rpy", 418], "MusicRoom.next": ["game/renpy/common/00musicroom.rpy", 425], "MusicRoom.previous": ["game/renpy/common/00musicroom.rpy", 436], "MusicRoom.Play": ["game/renpy/common/00musicroom.rpy", 443], "MusicRoom.RandomPlay": ["game/renpy/common/00musicroom.rpy", 464], "MusicRoom.TogglePlay": ["game/renpy/common/00musicroom.rpy", 474], "MusicRoom.TogglePause": ["game/renpy/common/00musicroom.rpy", 485], "MusicRoom.Stop": ["game/renpy/common/00musicroom.rpy", 497], "MusicRoom.Next": ["game/renpy/common/00musicroom.rpy", 506], "MusicRoom.Previous": ["game/renpy/common/00musicroom.rpy", 516], "MusicRoom.SetLoop": ["game/renpy/common/00musicroom.rpy", 526], "MusicRoom.SetSingleTrack": ["game/renpy/common/00musicroom.rpy", 535], "MusicRoom.SetShuffle": ["game/renpy/common/00musicroom.rpy", 548], "MusicRoom.ToggleLoop": ["game/renpy/common/00musicroom.rpy", 560], "MusicRoom.ToggleSingleTrack": ["game/renpy/common/00musicroom.rpy", 570], "MusicRoom.ToggleShuffle": ["game/renpy/common/00musicroom.rpy", 579], "nvl_show_core": ["game/renpy/common/00nvl_mode.rpy", 203], "nvl_window": ["game/renpy/common/00nvl_mode.rpy", 236], "nvl_show": ["game/renpy/common/00nvl_mode.rpy", 239], "nvl_hide": ["game/renpy/common/00nvl_mode.rpy", 253], "nvl_erase": ["game/renpy/common/00nvl_mode.rpy", 268], "nvl_clear_next": ["game/renpy/common/00nvl_mode.rpy", 273], "NVLCharacter.__init__": ["game/renpy/common/00nvl_mode.rpy", 295], "NVLCharacter.push_nvl_list": ["game/renpy/common/00nvl_mode.rpy", 314], "NVLCharacter.pop_nvl_list": ["game/renpy/common/00nvl_mode.rpy", 336], "NVLCharacter.do_add": ["game/renpy/common/00nvl_mode.rpy", 340], "NVLCharacter.do_display": ["game/renpy/common/00nvl_mode.rpy", 352], "NVLCharacter.do_done": ["game/renpy/common/00nvl_mode.rpy", 387], "NVLCharacter.do_extend": ["game/renpy/common/00nvl_mode.rpy", 410], "nvl_clear": ["game/renpy/common/00nvl_mode.rpy", 436], "nvl_menu": ["game/renpy/common/00nvl_mode.rpy", 449], "NVLSpeaker.__init__": ["game/renpy/common/00nvl_mode.rpy", 295], "NVLSpeaker.push_nvl_list": ["game/renpy/common/00nvl_mode.rpy", 314], "NVLSpeaker.pop_nvl_list": ["game/renpy/common/00nvl_mode.rpy", 336], "NVLSpeaker.do_add": ["game/renpy/common/00nvl_mode.rpy", 340], "NVLSpeaker.do_display": ["game/renpy/common/00nvl_mode.rpy", 352], "NVLSpeaker.do_done": ["game/renpy/common/00nvl_mode.rpy", 387], "NVLSpeaker.do_extend": ["game/renpy/common/00nvl_mode.rpy", 410], "Placeholder.after_setstate": ["game/renpy/common/00placeholder.rpy", 34], "Placeholder.__init__": ["game/renpy/common/00placeholder.rpy", 37], "Placeholder.guess_base": ["game/renpy/common/00placeholder.rpy", 92], "Placeholder.get_child": ["game/renpy/common/00placeholder.rpy", 134], "Placeholder.visit": ["game/renpy/common/00placeholder.rpy", 215], "Placeholder.render": ["game/renpy/common/00placeholder.rpy", 218], "Preference": ["game/renpy/common/00preferences.rpy", 78], "SplineMotion": ["game/renpy/common/00splines.rpy", 132], "StylePreference.__init__": ["game/renpy/common/00stylepreferences.rpy", 176], "StylePreference.__call__": ["game/renpy/common/00stylepreferences.rpy", 183], "StylePreference.get_selected": ["game/renpy/common/00stylepreferences.rpy", 186], "voice": ["game/renpy/common/00voice.rpy", 73], "voice_sustain": ["game/renpy/common/00voice.rpy", 106], "voice_replay": ["game/renpy/common/00voice.rpy", 119], "voice_can_replay": ["game/renpy/common/00voice.rpy", 130], "SetVoiceMute.__init__": ["game/renpy/common/00voice.rpy", 149], "SetVoiceMute.get_selected": ["game/renpy/common/00voice.rpy", 153], "SetVoiceMute.__call__": ["game/renpy/common/00voice.rpy", 159], "SetCharacterVolume": ["game/renpy/common/00voice.rpy", 167], "GetCharacterVolume": ["game/renpy/common/00voice.rpy", 188], "PlayCharacterVoice.__init__": ["game/renpy/common/00voice.rpy", 221], "PlayCharacterVoice.__call__": ["game/renpy/common/00voice.rpy", 227], "PlayCharacterVoice.get_selected": ["game/renpy/common/00voice.rpy", 238], "PlayCharacterVoice.periodic": ["game/renpy/common/00voice.rpy", 245], "ToggleVoiceMute.__init__": ["game/renpy/common/00voice.rpy", 269], "ToggleVoiceMute.get_selected": ["game/renpy/common/00voice.rpy", 274], "ToggleVoiceMute.__call__": ["game/renpy/common/00voice.rpy", 282], "VoiceReplay.__call__": ["game/renpy/common/00voice.rpy", 298], "VoiceReplay.get_sensitive": ["game/renpy/common/00voice.rpy", 301], "VoiceInfo.__init__": ["game/renpy/common/00voice.rpy", 310], "TransformMatrix.__init__": ["game/renpy/common/00matrixtransform.rpy", 37], "TransformMatrix.__call__": ["game/renpy/common/00matrixtransform.rpy", 44], "RoundRect": ["game/renpy/common/00themes.rpy", 35], "GamepadExists": ["game/renpy/common/00gamepad.rpy", 249], "GamepadCalibrate": ["game/renpy/common/00gamepad.rpy", 263], "gui.init": ["game/renpy/common/00gui.rpy", 32], "gui.variant": ["game/renpy/common/00gui.rpy", 84], "gui.rebuild": ["game/renpy/common/00gui.rpy", 111], "gui.preference": ["game/renpy/common/00gui.rpy", 140], "gui.SetPreference.__init__": ["game/renpy/common/00gui.rpy", 181], "gui.SetPreference.__call__": ["game/renpy/common/00gui.rpy", 186], "gui.SetPreference.get_selected": ["game/renpy/common/00gui.rpy", 194], "gui.TogglePreference.__init__": ["game/renpy/common/00gui.rpy", 217], "gui.TogglePreference.__call__": ["game/renpy/common/00gui.rpy", 223], "gui.TogglePreference.get_selected": ["game/renpy/common/00gui.rpy", 234], "gui.button_properties": ["game/renpy/common/00gui.rpy", 247], "gui.text_properties": ["game/renpy/common/00gui.rpy", 327], "gui.button_text_properties": ["game/renpy/common/00gui.rpy", 327], "_warper.linear": ["game/renpy/common/000atl.rpy", 38], "_warper.easeout": ["game/renpy/common/000atl.rpy", 42], "_warper.easein": ["game/renpy/common/000atl.rpy", 47], "_warper.ease": ["game/renpy/common/000atl.rpy", 52], "_warper.easeout_quad": ["game/renpy/common/000atl.rpy", 63], "_warper.easein_quad": ["game/renpy/common/000atl.rpy", 67], "_warper.ease_quad": ["game/renpy/common/000atl.rpy", 71], "_warper.easeout_cubic": ["game/renpy/common/000atl.rpy", 80], "_warper.easein_cubic": ["game/renpy/common/000atl.rpy", 84], "_warper.ease_cubic": ["game/renpy/common/000atl.rpy", 88], "_warper.easeout_quart": ["game/renpy/common/000atl.rpy", 97], "_warper.easein_quart": ["game/renpy/common/000atl.rpy", 101], "_warper.ease_quart": ["game/renpy/common/000atl.rpy", 105], "_warper.easeout_quint": ["game/renpy/common/000atl.rpy", 114], "_warper.easein_quint": ["game/renpy/common/000atl.rpy", 118], "_warper.ease_quint": ["game/renpy/common/000atl.rpy", 122], "_warper.easeout_expo": ["game/renpy/common/000atl.rpy", 131], "_warper.easein_expo": ["game/renpy/common/000atl.rpy", 135], "_warper.ease_expo": ["game/renpy/common/000atl.rpy", 139], "_warper.easeout_circ": ["game/renpy/common/000atl.rpy", 148], "_warper.easein_circ": ["game/renpy/common/000atl.rpy", 153], "_warper.ease_circ": ["game/renpy/common/000atl.rpy", 157], "_warper.easeout_back": ["game/renpy/common/000atl.rpy", 166], "_warper.easein_back": ["game/renpy/common/000atl.rpy", 171], "_warper.ease_back": ["game/renpy/common/000atl.rpy", 175], "_warper.easein_elastic": ["game/renpy/common/000atl.rpy", 184], "_warper.easeout_elastic": ["game/renpy/common/000atl.rpy", 190], "_warper.ease_elastic": ["game/renpy/common/000atl.rpy", 194], "_warper.easein_bounce": ["game/renpy/common/000atl.rpy", 203], "_warper.easeout_bounce": ["game/renpy/common/000atl.rpy", 216], "_warper.ease_bounce": ["game/renpy/common/000atl.rpy", 220], "achievement.Backend.register": ["game/renpy/common/00achievement.rpy", 36], "achievement.Backend.grant": ["game/renpy/common/00achievement.rpy", 41], "achievement.Backend.clear": ["game/renpy/common/00achievement.rpy", 47], "achievement.Backend.clear_all": ["game/renpy/common/00achievement.rpy", 52], "achievement.Backend.progress": ["game/renpy/common/00achievement.rpy", 57], "achievement.Backend.has": ["game/renpy/common/00achievement.rpy", 62], "achievement.PersistentBackend.__init__": ["game/renpy/common/00achievement.rpy", 74], "achievement.PersistentBackend.register": ["game/renpy/common/00achievement.rpy", 83], "achievement.PersistentBackend.grant": ["game/renpy/common/00achievement.rpy", 87], "achievement.PersistentBackend.clear": ["game/renpy/common/00achievement.rpy", 90], "achievement.PersistentBackend.clear_all": ["game/renpy/common/00achievement.rpy", 95], "achievement.PersistentBackend.has": ["game/renpy/common/00achievement.rpy", 99], "achievement.PersistentBackend.progress": ["game/renpy/common/00achievement.rpy", 102], "achievement.merge": ["game/renpy/common/00achievement.rpy", 119], "achievement.merge_progress": ["game/renpy/common/00achievement.rpy", 128], "achievement.register": ["game/renpy/common/00achievement.rpy", 153], "achievement.grant": ["game/renpy/common/00achievement.rpy", 182], "achievement.clear": ["game/renpy/common/00achievement.rpy", 194], "achievement.clear_all": ["game/renpy/common/00achievement.rpy", 204], "achievement.get_progress": ["game/renpy/common/00achievement.rpy", 214], "achievement.progress": ["game/renpy/common/00achievement.rpy", 225], "achievement.grant_progress": ["game/renpy/common/00achievement.rpy", 249], "achievement.has": ["game/renpy/common/00achievement.rpy", 252], "achievement.sync": ["game/renpy/common/00achievement.rpy", 266], "achievement.Sync.__call__": ["game/renpy/common/00achievement.rpy", 287], "achievement.Sync.get_sensitive": ["game/renpy/common/00achievement.rpy", 290], "achievement.SteamBackend.__init__": ["game/renpy/common/00steam.rpy", 696], "achievement.SteamBackend.register": ["game/renpy/common/00steam.rpy", 704], "achievement.SteamBackend.grant": ["game/renpy/common/00steam.rpy", 710], "achievement.SteamBackend.clear": ["game/renpy/common/00steam.rpy", 717], "achievement.SteamBackend.clear_all": ["game/renpy/common/00steam.rpy", 723], "achievement.SteamBackend.progress": ["game/renpy/common/00steam.rpy", 729], "achievement.SteamBackend.has": ["game/renpy/common/00steam.rpy", 760], "achievement.steam_preinit": ["game/renpy/common/00steam.rpy", 765], "achievement.steam_init": ["game/renpy/common/00steam.rpy", 790], "build.make_file_lists": ["game/renpy/common/00build.rpy", 31], "build.pattern_list": ["game/renpy/common/00build.rpy", 49], "build.classify_renpy": ["game/renpy/common/00build.rpy", 147], "build.classify": ["game/renpy/common/00build.rpy", 222], "build.clear": ["game/renpy/common/00build.rpy", 235], "build.remove": ["game/renpy/common/00build.rpy", 244], "build.archive": ["game/renpy/common/00build.rpy", 255], "build.documentation": ["game/renpy/common/00build.rpy", 286], "build.executable": ["game/renpy/common/00build.rpy", 306], "build.package": ["game/renpy/common/00build.rpy", 320], "build.dump": ["game/renpy/common/00build.rpy", 492], "_console.PrettyRepr.repr_str": ["game/renpy/common/00console.rpy", 135], "_console.PrettyRepr.repr_unicode": ["game/renpy/common/00console.rpy", 142], "_console.PrettyRepr.repr_tuple": ["game/renpy/common/00console.rpy", 152], "_console.PrettyRepr.repr_list": ["game/renpy/common/00console.rpy", 168], "_console.PrettyRepr.repr_RevertableList": ["game/renpy/common/00console.rpy", 168], "_console.PrettyRepr.repr_set": ["game/renpy/common/00console.rpy", 178], "_console.PrettyRepr.repr_RevertableSet": ["game/renpy/common/00console.rpy", 178], "_console.PrettyRepr.repr_frozenset": ["game/renpy/common/00console.rpy", 188], "_console.PrettyRepr.repr_dict": ["game/renpy/common/00console.rpy", 196], "_console.PrettyRepr.repr_RevertableDict": ["game/renpy/common/00console.rpy", 196], "_console.PrettyRepr.repr_defaultdict": ["game/renpy/common/00console.rpy", 207], "_console.PrettyRepr.repr_OrderedDict": ["game/renpy/common/00console.rpy", 220], "_console.PrettyRepr.repr__PrettyDictItem": ["game/renpy/common/00console.rpy", 239], "_console.PrettyRepr.repr_Matrix": ["game/renpy/common/00console.rpy", 326], "_console.BoundedList.__init__": ["game/renpy/common/00console.rpy", 374], "_console.BoundedList.append": ["game/renpy/common/00console.rpy", 378], "_console.BoundedList.clear": ["game/renpy/common/00console.rpy", 388], "_console.ConsoleHistoryEntry.__init__": ["game/renpy/common/00console.rpy", 398], "_console.ConsoleHistoryEntry.update_lines": ["game/renpy/common/00console.rpy", 403], "_console.HistoryEntry.__init__": ["game/renpy/common/00console.rpy", 398], "_console.HistoryEntry.update_lines": ["game/renpy/common/00console.rpy", 403], "_console.stdout_line": ["game/renpy/common/00console.rpy", 418], "_console.stderr_line": ["game/renpy/common/00console.rpy", 427], "_console.ScriptErrorHandler.__init__": ["game/renpy/common/00console.rpy", 446], "_console.ScriptErrorHandler.__call__": ["game/renpy/common/00console.rpy", 449], "_console.DebugConsole.__init__": ["game/renpy/common/00console.rpy", 462], "_console.DebugConsole.backup": ["game/renpy/common/00console.rpy", 481], "_console.DebugConsole.start": ["game/renpy/common/00console.rpy", 486], "_console.DebugConsole.reset": ["game/renpy/common/00console.rpy", 504], "_console.DebugConsole.recall_line": ["game/renpy/common/00console.rpy", 511], "_console.DebugConsole.older": ["game/renpy/common/00console.rpy", 528], "_console.DebugConsole.newer": ["game/renpy/common/00console.rpy", 531], "_console.DebugConsole.interact": ["game/renpy/common/00console.rpy", 534], "_console.DebugConsole.show_stdio": ["game/renpy/common/00console.rpy", 590], "_console.DebugConsole.can_renpy": ["game/renpy/common/00console.rpy", 616], "_console.DebugConsole.format_exception": ["game/renpy/common/00console.rpy", 623], "_console.DebugConsole.run": ["game/renpy/common/00console.rpy", 627], "_console.enter": ["game/renpy/common/00console.rpy", 711], "_console.command": ["game/renpy/common/00console.rpy", 739], "_console.help": ["game/renpy/common/00console.rpy", 747], "_console.halp": ["game/renpy/common/00console.rpy", 768], "_console.clear": ["game/renpy/common/00console.rpy", 772], "_console.exit": ["game/renpy/common/00console.rpy", 776], "_console.quit": ["game/renpy/common/00console.rpy", 780], "_console.stack": ["game/renpy/common/00console.rpy", 784], "_console.load": ["game/renpy/common/00console.rpy", 806], "_console.save": ["game/renpy/common/00console.rpy", 819], "_console.reload": ["game/renpy/common/00console.rpy", 830], "_console.R": ["game/renpy/common/00console.rpy", 834], "_console.watch": ["game/renpy/common/00console.rpy", 838], "_console.renpy_watch": ["game/renpy/common/00console.rpy", 858], "_console.unwatch": ["game/renpy/common/00console.rpy", 875], "_console.watch_after_load": ["game/renpy/common/00console.rpy", 895], "_console.renpy_unwatch": ["game/renpy/common/00console.rpy", 904], "_console.unwatchall": ["game/renpy/common/00console.rpy", 921], "_console.renpy_unwatchall": ["game/renpy/common/00console.rpy", 930], "_console.jump": ["game/renpy/common/00console.rpy", 942], "_console.short": ["game/renpy/common/00console.rpy", 958], "_console.long": ["game/renpy/common/00console.rpy", 962], "_console.escape": ["game/renpy/common/00console.rpy", 966], "_console.unescape": ["game/renpy/common/00console.rpy", 970], "director.audio_code_to_filename": ["game/renpy/common/00director.rpy", 100], "director.audio_filename_to_code": ["game/renpy/common/00director.rpy", 103], "director.audio_filename_to_display": ["game/renpy/common/00director.rpy", 106], "director.is_play": ["game/renpy/common/00director.rpy", 109], "director.is_queue": ["game/renpy/common/00director.rpy", 112], "director.is_stop": ["game/renpy/common/00director.rpy", 115], "director.is_voice": ["game/renpy/common/00director.rpy", 118], "director.is_interesting": ["game/renpy/common/00director.rpy", 122], "director.interact_base": ["game/renpy/common/00director.rpy", 208], "director.interact": ["game/renpy/common/00director.rpy", 287], "director.line_log_callback": ["game/renpy/common/00director.rpy", 303], "director.init": ["game/renpy/common/00director.rpy", 310], "director.command": ["game/renpy/common/00director.rpy", 325], "director.get_scene_show_hide_statement": ["game/renpy/common/00director.rpy", 339], "director.quote_audio": ["game/renpy/common/00director.rpy", 378], "director.get_play_queue_statement": ["game/renpy/common/00director.rpy", 394], "director.get_stop_statement": ["game/renpy/common/00director.rpy", 403], "director.get_voice_statement": ["game/renpy/common/00director.rpy", 409], "director.get_statement": ["game/renpy/common/00director.rpy", 415], "director.update_ast": ["game/renpy/common/00director.rpy", 441], "director.dump_script": ["game/renpy/common/00director.rpy", 467], "director.pick_tag": ["game/renpy/common/00director.rpy", 473], "director.find_statement": ["game/renpy/common/00director.rpy", 494], "director.needs_space": ["game/renpy/common/00director.rpy", 514], "director.is_spacing": ["game/renpy/common/00director.rpy", 549], "director.adjust_spacing_before": ["game/renpy/common/00director.rpy", 559], "director.add_spacing": ["game/renpy/common/00director.rpy", 600], "director.remove_spacing": ["game/renpy/common/00director.rpy", 604], "director.get_tags": ["game/renpy/common/00director.rpy", 610], "director.get_attributes": ["game/renpy/common/00director.rpy", 630], "director.get_transforms": ["game/renpy/common/00director.rpy", 640], "director.get_image_attributes": ["game/renpy/common/00director.rpy", 647], "director.get_ordered_attributes": ["game/renpy/common/00director.rpy", 658], "director.get_behind_tags": ["game/renpy/common/00director.rpy", 672], "director.Start.__call__": ["game/renpy/common/00director.rpy", 697], "director.Start.get_sensitive": ["game/renpy/common/00director.rpy", 731], "director.Stop.__call__": ["game/renpy/common/00director.rpy", 739], "director.AddStatement.__init__": ["game/renpy/common/00director.rpy", 753], "director.AddStatement.get_sensitive": ["game/renpy/common/00director.rpy", 758], "director.AddStatement.__call__": ["game/renpy/common/00director.rpy", 761], "director.is_scene_show_hide_editable": ["game/renpy/common/00director.rpy", 797], "director.ChangeStatement.__init__": ["game/renpy/common/00director.rpy", 832], "director.ChangeStatement.get_sensitive": ["game/renpy/common/00director.rpy", 944], "director.ChangeStatement.__call__": ["game/renpy/common/00director.rpy", 947], "director.SetKind.__init__": ["game/renpy/common/00director.rpy", 1000], "director.SetKind.__call__": ["game/renpy/common/00director.rpy", 1003], "director.SetTag.__init__": ["game/renpy/common/00director.rpy", 1032], "director.SetTag.__call__": ["game/renpy/common/00director.rpy", 1035], "director.SetTag.get_selected": ["game/renpy/common/00director.rpy", 1047], "director.ToggleAttribute.__init__": ["game/renpy/common/00director.rpy", 1060], "director.ToggleAttribute.__call__": ["game/renpy/common/00director.rpy", 1063], "director.ToggleAttribute.get_selected": ["game/renpy/common/00director.rpy", 1079], "director.SetList.__init__": ["game/renpy/common/00director.rpy", 1088], "director.SetList.__call__": ["game/renpy/common/00director.rpy", 1092], "director.SetList.get_selected": ["game/renpy/common/00director.rpy", 1100], "director.ToggleList.__init__": ["game/renpy/common/00director.rpy", 1110], "director.ToggleList.__call__": ["game/renpy/common/00director.rpy", 1114], "director.ToggleList.get_selected": ["game/renpy/common/00director.rpy", 1122], "director.SetTransition.__init__": ["game/renpy/common/00director.rpy", 1131], "director.SetTransition.__call__": ["game/renpy/common/00director.rpy", 1134], "director.SetTransition.get_selected": ["game/renpy/common/00director.rpy", 1139], "director.SetChannel.__init__": ["game/renpy/common/00director.rpy", 1148], "director.SetChannel.__call__": ["game/renpy/common/00director.rpy", 1151], "director.SetChannel.get_selected": ["game/renpy/common/00director.rpy", 1159], "director.SetAudio.__init__": ["game/renpy/common/00director.rpy", 1168], "director.SetAudio.__call__": ["game/renpy/common/00director.rpy", 1171], "director.SetAudio.get_selected": ["game/renpy/common/00director.rpy", 1176], "director.Commit.__call__": ["game/renpy/common/00director.rpy", 1185], "director.Commit.get_sensitive": ["game/renpy/common/00director.rpy", 1207], "director.Reset.__call__": ["game/renpy/common/00director.rpy", 1216], "director.Cancel.__call__": ["game/renpy/common/00director.rpy", 1236], "director.Remove.__call__": ["game/renpy/common/00director.rpy", 1257], "director.SemiModal.__init__": ["game/renpy/common/00director.rpy", 1277], "director.SemiModal.per_interact": ["game/renpy/common/00director.rpy", 1284], "director.SemiModal.render": ["game/renpy/common/00director.rpy", 1287], "director.SemiModal.event": ["game/renpy/common/00director.rpy", 1303], "director.SemiModal.get_placement": ["game/renpy/common/00director.rpy", 1327], "director.SemiModal.visit": ["game/renpy/common/00director.rpy", 1330], "director.component_key": ["game/renpy/common/00director.rpy", 1337], "_gamepad.EventWatcher.__init__": ["game/renpy/common/00gamepad.rpy", 83], "_gamepad.EventWatcher.render": ["game/renpy/common/00gamepad.rpy", 88], "_gamepad.EventWatcher.event": ["game/renpy/common/00gamepad.rpy", 91], "_gamepad.calibrate": ["game/renpy/common/00gamepad.rpy", 115], "iap.Product.__init__": ["game/renpy/common/00iap.rpy", 34], "iap.NoneBackend.get_store_name": ["game/renpy/common/00iap.rpy", 52], "iap.NoneBackend.purchase": ["game/renpy/common/00iap.rpy", 60], "iap.NoneBackend.restore_purchases": ["game/renpy/common/00iap.rpy", 68], "iap.NoneBackend.has_purchased": ["game/renpy/common/00iap.rpy", 77], "iap.NoneBackend.consume": ["game/renpy/common/00iap.rpy", 84], "iap.NoneBackend.is_deferred": ["game/renpy/common/00iap.rpy", 92], "iap.NoneBackend.get_price": ["game/renpy/common/00iap.rpy", 99], "iap.NoneBackend.init": ["game/renpy/common/00iap.rpy", 107], "iap.AndroidBackend.__init__": ["game/renpy/common/00iap.rpy", 119], "iap.AndroidBackend.get_store_name": ["game/renpy/common/00iap.rpy", 130], "iap.AndroidBackend.identifier": ["game/renpy/common/00iap.rpy", 133], "iap.AndroidBackend.wait_for_result": ["game/renpy/common/00iap.rpy", 143], "iap.AndroidBackend.purchase": ["game/renpy/common/00iap.rpy", 158], "iap.AndroidBackend.restore_purchases": ["game/renpy/common/00iap.rpy", 163], "iap.AndroidBackend.has_purchased": ["game/renpy/common/00iap.rpy", 170], "iap.AndroidBackend.consume": ["game/renpy/common/00iap.rpy", 174], "iap.AndroidBackend.is_deferred": ["game/renpy/common/00iap.rpy", 177], "iap.AndroidBackend.get_price": ["game/renpy/common/00iap.rpy", 180], "iap.AndroidBackend.init": ["game/renpy/common/00iap.rpy", 184], "iap.IOSBackend.__init__": ["game/renpy/common/00iap.rpy", 196], "iap.IOSBackend.get_store_name": ["game/renpy/common/00iap.rpy", 208], "iap.IOSBackend.set_title": ["game/renpy/common/00iap.rpy", 218], "iap.IOSBackend.identifier": ["game/renpy/common/00iap.rpy", 221], "iap.IOSBackend.wait_for_result": ["game/renpy/common/00iap.rpy", 228], "iap.IOSBackend.validate_products": ["game/renpy/common/00iap.rpy", 245], "iap.IOSBackend.purchase": ["game/renpy/common/00iap.rpy", 254], "iap.IOSBackend.restore_purchases": ["game/renpy/common/00iap.rpy", 262], "iap.IOSBackend.has_purchased": ["game/renpy/common/00iap.rpy", 269], "iap.IOSBackend.consume": ["game/renpy/common/00iap.rpy", 273], "iap.IOSBackend.is_deferred": ["game/renpy/common/00iap.rpy", 277], "iap.IOSBackend.get_price": ["game/renpy/common/00iap.rpy", 281], "iap.IOSBackend.init": ["game/renpy/common/00iap.rpy", 296], "iap.register": ["game/renpy/common/00iap.rpy", 306], "iap.with_background": ["game/renpy/common/00iap.rpy", 352], "iap.restore": ["game/renpy/common/00iap.rpy", 365], "iap.Restore.__call__": ["game/renpy/common/00iap.rpy", 388], "iap.Restore.get_sensitive": ["game/renpy/common/00iap.rpy", 391], "iap.get_product": ["game/renpy/common/00iap.rpy", 394], "iap.purchase": ["game/renpy/common/00iap.rpy", 401], "iap.Purchase.__init__": ["game/renpy/common/00iap.rpy", 447], "iap.Purchase.__call__": ["game/renpy/common/00iap.rpy", 452], "iap.Purchase.should_be_sensitive": ["game/renpy/common/00iap.rpy", 460], "iap.Purchase.get_sensitive": ["game/renpy/common/00iap.rpy", 473], "iap.Purchase.periodic": ["game/renpy/common/00iap.rpy", 477], "iap.has_purchased": ["game/renpy/common/00iap.rpy", 483], "iap.is_deferred": ["game/renpy/common/00iap.rpy", 502], "iap.get_price": ["game/renpy/common/00iap.rpy", 517], "iap.get_store_name": ["game/renpy/common/00iap.rpy", 533], "iap.missing_products": ["game/renpy/common/00iap.rpy", 544], "iap.init_android": ["game/renpy/common/00iap.rpy", 555], "iap.init": ["game/renpy/common/00iap.rpy", 571], "icon.Icon.__init__": ["game/renpy/common/00icon.rpy", 31], "icon.Icon.find_image": ["game/renpy/common/00icon.rpy", 36], "icon.Icon.render": ["game/renpy/common/00icon.rpy", 57], "icon.Icon.visit": ["game/renpy/common/00icon.rpy", 78], "layeredimage.format_function": ["game/renpy/common/00layeredimage.rpy", 17], "layeredimage.Layer.__init__": ["game/renpy/common/00layeredimage.rpy", 96], "layeredimage.Layer.check": ["game/renpy/common/00layeredimage.rpy", 121], "layeredimage.Layer.wrap": ["game/renpy/common/00layeredimage.rpy", 141], "layeredimage.Attribute.__init__": ["game/renpy/common/00layeredimage.rpy", 214], "layeredimage.Attribute.apply_format": ["game/renpy/common/00layeredimage.rpy", 233], "layeredimage.Attribute.get_displayable": ["game/renpy/common/00layeredimage.rpy", 243], "layeredimage.Condition.__init__": ["game/renpy/common/00layeredimage.rpy", 365], "layeredimage.Condition.apply_format": ["game/renpy/common/00layeredimage.rpy", 371], "layeredimage.Condition.get_displayable": ["game/renpy/common/00layeredimage.rpy", 380], "layeredimage.ConditionGroup.__init__": ["game/renpy/common/00layeredimage.rpy", 409], "layeredimage.ConditionGroup.apply_format": ["game/renpy/common/00layeredimage.rpy", 412], "layeredimage.ConditionGroup.get_displayable": ["game/renpy/common/00layeredimage.rpy", 416], "layeredimage.Always.__init__": ["game/renpy/common/00layeredimage.rpy", 477], "layeredimage.Always.apply_format": ["game/renpy/common/00layeredimage.rpy", 483], "layeredimage.Always.get_displayable": ["game/renpy/common/00layeredimage.rpy", 492], "layeredimage.LayeredImage.__init__": ["game/renpy/common/00layeredimage.rpy", 581], "layeredimage.LayeredImage.format": ["game/renpy/common/00layeredimage.rpy", 610], "layeredimage.LayeredImage.add": ["game/renpy/common/00layeredimage.rpy", 626], "layeredimage.LayeredImage.get_banned": ["game/renpy/common/00layeredimage.rpy", 641], "layeredimage.parse_property": ["game/renpy/common/00layeredimage.rpy", 807], "layeredimage.RawAttribute.__init__": ["game/renpy/common/00layeredimage.rpy", 256], "layeredimage.RawAttribute.execute": ["game/renpy/common/00layeredimage.rpy", 261], "layeredimage.parse_attribute": ["game/renpy/common/00layeredimage.rpy", 838], "layeredimage.RawAttributeGroup.__init__": ["game/renpy/common/00layeredimage.rpy", 279], "layeredimage.RawAttributeGroup.execute": ["game/renpy/common/00layeredimage.rpy", 286], "layeredimage.parse_group": ["game/renpy/common/00layeredimage.rpy", 934], "layeredimage.RawCondition.__init__": ["game/renpy/common/00layeredimage.rpy", 394], "layeredimage.RawCondition.execute": ["game/renpy/common/00layeredimage.rpy", 399], "layeredimage.parse_condition": ["game/renpy/common/00layeredimage.rpy", 966], "layeredimage.RawConditionGroup.__init__": ["game/renpy/common/00layeredimage.rpy", 433], "layeredimage.RawConditionGroup.execute": ["game/renpy/common/00layeredimage.rpy", 436], "layeredimage.parse_conditions": ["game/renpy/common/00layeredimage.rpy", 1014], "layeredimage.RawAlways.__init__": ["game/renpy/common/00layeredimage.rpy", 501], "layeredimage.RawAlways.execute": ["game/renpy/common/00layeredimage.rpy", 505], "layeredimage.parse_always": ["game/renpy/common/00layeredimage.rpy", 887], "layeredimage.RawLayeredImage.__init__": ["game/renpy/common/00layeredimage.rpy", 785], "layeredimage.RawLayeredImage.execute": ["game/renpy/common/00layeredimage.rpy", 790], "layeredimage.execute_layeredimage": ["game/renpy/common/00layeredimage.rpy", 803], "layeredimage.parse_layeredimage": ["game/renpy/common/00layeredimage.rpy", 1034], "layeredimage.LayeredImageProxy.__init__": ["game/renpy/common/00layeredimage.rpy", 1110], "layeredimage.LayeredImageProxy.filter_attributes": ["game/renpy/common/00layeredimage.rpy", 1151], "_renpysteam.retrieve_stats": ["game/renpy/common/00steam.rpy", 33], "_renpysteam.store_stats": ["game/renpy/common/00steam.rpy", 47], "_renpysteam.list_achievements": ["game/renpy/common/00steam.rpy", 57], "_renpysteam.get_achievement": ["game/renpy/common/00steam.rpy", 74], "_renpysteam.grant_achievement": ["game/renpy/common/00steam.rpy", 93], "_renpysteam.clear_achievement": ["game/renpy/common/00steam.rpy", 104], "_renpysteam.indicate_achievement_progress": ["game/renpy/common/00steam.rpy", 115], "_renpysteam.get_float_stat": ["game/renpy/common/00steam.rpy", 126], "_renpysteam.set_float_stat": ["game/renpy/common/00steam.rpy", 144], "_renpysteam.get_int_stat": ["game/renpy/common/00steam.rpy", 156], "_renpysteam.set_int_stat": ["game/renpy/common/00steam.rpy", 173], "_renpysteam.is_subscribed_app": ["game/renpy/common/00steam.rpy", 187], "_renpysteam.get_current_game_language": ["game/renpy/common/00steam.rpy", 197], "_renpysteam.get_steam_ui_language": ["game/renpy/common/00steam.rpy", 207], "_renpysteam.get_current_beta_name": ["game/renpy/common/00steam.rpy", 217], "_renpysteam.dlc_installed": ["game/renpy/common/00steam.rpy", 234], "_renpysteam.install_dlc": ["game/renpy/common/00steam.rpy", 244], "_renpysteam.uninstall_dlc": ["game/renpy/common/00steam.rpy", 254], "_renpysteam.dlc_progress": ["game/renpy/common/00steam.rpy", 264], "_renpysteam.get_app_build_id": ["game/renpy/common/00steam.rpy", 283], "_renpysteam.is_overlay_enabled": ["game/renpy/common/00steam.rpy", 295], "_renpysteam.overlay_needs_present": ["game/renpy/common/00steam.rpy", 306], "_renpysteam.set_overlay_notification_position": ["game/renpy/common/00steam.rpy", 317], "_renpysteam.activate_overlay": ["game/renpy/common/00steam.rpy", 329], "_renpysteam.activate_overlay_to_web_page": ["game/renpy/common/00steam.rpy", 343], "_renpysteam.activate_overlay_to_store": ["game/renpy/common/00steam.rpy", 352], "_renpysteam.get_persona_name": ["game/renpy/common/00steam.rpy", 372], "_renpysteam.get_csteam_id": ["game/renpy/common/00steam.rpy", 382], "_renpysteam.get_account_id": ["game/renpy/common/00steam.rpy", 395], "_renpysteam.get_session_ticket": ["game/renpy/common/00steam.rpy", 405], "_renpysteam.cancel_ticket": ["game/renpy/common/00steam.rpy", 431], "_renpysteam.get_game_badge_level": ["game/renpy/common/00steam.rpy", 447], "_renpysteam.get_subscribed_items": ["game/renpy/common/00steam.rpy", 459], "_renpysteam.get_subscribed_item_path": ["game/renpy/common/00steam.rpy", 480], "_renpysteam.import_api": ["game/renpy/common/00steam.rpy", 503], "_renpysteam.periodic": ["game/renpy/common/00steam.rpy", 529], "_renpysteam.prime_keyboard": ["game/renpy/common/00steam.rpy", 562], "_renpysteam.keyboard_periodic": ["game/renpy/common/00steam.rpy", 568], "_renpysteam.keyboard_dismissed": ["game/renpy/common/00steam.rpy", 615], "updater.urlopen": ["game/renpy/common/00updater.rpy", 43], "updater.urlretrieve": ["game/renpy/common/00updater.rpy", 47], "updater.zsync_path": ["game/renpy/common/00updater.rpy", 144], "updater.Updater.__init__": ["game/renpy/common/00updater.rpy", 241], "updater.Updater.run": ["game/renpy/common/00updater.rpy", 350], "updater.Updater.update": ["game/renpy/common/00updater.rpy", 398], "updater.Updater.simulation": ["game/renpy/common/00updater.rpy", 514], "updater.Updater.proceed": ["game/renpy/common/00updater.rpy", 611], "updater.Updater.cancel": ["game/renpy/common/00updater.rpy", 639], "updater.Updater.unlink": ["game/renpy/common/00updater.rpy", 653], "updater.Updater.rename": ["game/renpy/common/00updater.rpy", 670], "updater.Updater.path": ["game/renpy/common/00updater.rpy", 690], "updater.Updater.load_state": ["game/renpy/common/00updater.rpy", 709], "updater.Updater.test_write": ["game/renpy/common/00updater.rpy", 722], "updater.Updater.check_updates": ["game/renpy/common/00updater.rpy", 736], "updater.Updater.add_dlc_state": ["game/renpy/common/00updater.rpy", 767], "updater.Updater.check_versions": ["game/renpy/common/00updater.rpy", 775], "updater.Updater.update_filename": ["game/renpy/common/00updater.rpy", 814], "updater.Updater.prepare": ["game/renpy/common/00updater.rpy", 825], "updater.Updater.split_inputs": ["game/renpy/common/00updater.rpy", 885], "updater.Updater.download": ["game/renpy/common/00updater.rpy", 921], "updater.Updater.download_direct": ["game/renpy/common/00updater.rpy", 1090], "updater.Updater.unpack": ["game/renpy/common/00updater.rpy", 1186], "updater.Updater.move_files": ["game/renpy/common/00updater.rpy", 1257], "updater.Updater.delete_obsolete": ["game/renpy/common/00updater.rpy", 1279], "updater.Updater.save_state": ["game/renpy/common/00updater.rpy", 1324], "updater.Updater.clean": ["game/renpy/common/00updater.rpy", 1334], "updater.Updater.clean_old": ["game/renpy/common/00updater.rpy", 1346], "updater.Updater.clean_new": ["game/renpy/common/00updater.rpy", 1350], "updater.get_installed_state": ["game/renpy/common/00updater.rpy", 1357], "updater.get_installed_packages": ["game/renpy/common/00updater.rpy", 1387], "updater.can_update": ["game/renpy/common/00updater.rpy", 1407], "updater.update": ["game/renpy/common/00updater.rpy", 1430], "updater.Update.__init__": ["game/renpy/common/00updater.rpy", 1495], "updater.Update.__call__": ["game/renpy/common/00updater.rpy", 1499], "updater.UpdateVersion": ["game/renpy/common/00updater.rpy", 1506], "updater.update_command": ["game/renpy/common/00updater.rpy", 1548], "updater.process_deferred_line": ["game/renpy/common/00updater.rpy", 80], "updater.process_deferred": ["game/renpy/common/00updater.rpy", 105]}}, "build": {"directory_name": "", "executable_name": "", "include_update": false, "packages": [{"name": "pc", "formats": ["zip"], "file_lists": ["windows", "linux", "renpy", "all"], "description": "PC: Windows and Linux", "update": true, "dlc": false, "hidden": false}, {"name": "linux", "formats": ["tar.bz2"], "file_lists": ["linux", "linux_arm", "renpy", "all"], "description": "Linux", "update": true, "dlc": false, "hidden": false}, {"name": "mac", "formats": ["app-zip", "app-dmg"], "file_lists": ["mac", "renpy", "all"], "description": "Macintosh", "update": true, "dlc": false, "hidden": false}, {"name": "win", "formats": ["zip"], "file_lists": ["windows", "renpy", "all"], "description": "Windows", "update": true, "dlc": false, "hidden": false}, {"name": "market", "formats": ["bare-zip"], "file_lists": ["windows", "linux", "mac", "renpy", "all"], "description": "Windows, Mac, Linux for Markets", "update": true, "dlc": false, "hidden": false}, {"name": "steam", "formats": ["zip"], "file_lists": ["windows", "linux", "mac", "renpy", "all"], "description": "steam", "update": true, "dlc": false, "hidden": true}, {"name": "android", "formats": ["directory"], "file_lists": ["android", "all"], "description": "android", "update": false, "dlc": true, "hidden": true}, {"name": "ios", "formats": ["directory"], "file_lists": ["ios", "all"], "description": "ios", "update": false, "dlc": true, "hidden": true}, {"name": "web", "formats": ["zip"], "file_lists": ["web", "all"], "description": "web", "update": false, "dlc": true, "hidden": true}], "archives": [["archive", ["all"]]], "documentation_patterns": [], "base_patterns": [["*.py", null], ["*.sh", null], ["*.app/", null], ["*.dll", null], ["*.manifest", null], ["lib/", null], ["renpy/", null], ["update/", null], ["common/", null], ["update/", null], ["old-game/", null], ["icon.ico", null], ["icon.icns", null], ["project.json", null], ["log.txt", null], ["errors.txt", null], ["traceback.txt", null], ["image_cache.txt", null], ["text_overflow.txt", null], ["dialogue.txt", null], ["dialogue.tab", null], ["profile_screen.txt", null], ["files.txt", null], ["memory.txt", null], ["tmp/", null], ["game/saves/", null], ["game/bytecode.rpyb", null], ["archived/", null], ["launcherinfo.py", null], ["android.txt", null], ["game/presplash*.*", ["all"]], [".android.json", ["android"]], ["android-*.png", ["android"]], ["android-*.jpg", ["android"]], ["ouya_icon.png", null], ["ios-presplash.*", ["ios"]], ["ios-launchimage.png", null], ["ios-icon.png", null], ["web-presplash.png", ["web"]], ["web-presplash.jpg", ["web"]], ["web-presplash.webp", ["web"]], ["progressive_download.txt", ["web"]], ["steam_appid.txt", null], [".*", null], ["**", ["all"]]], "renpy_patterns": [["renpy/**__pycache__/**.cpython-312.pyc", ["all"]], ["renpy/**__pycache__", ["all"]], ["**~", null], ["**/#*", null], ["**/.*", null], ["**.old", null], ["**.new", null], ["**.rpa", null], ["**/steam_appid.txt", null], ["renpy.py", ["all"]], ["renpy/", ["all"]], ["renpy/**.py", ["renpy"]], ["renpy/**.pxd", null], ["renpy/**.pxi", null], ["renpy/**.pyx", null], ["renpy/**.pyc", null], ["renpy/**.pyo", null], ["renpy/common/", ["all"]], ["renpy/common/_compat/**", ["renpy"]], ["renpy/common/**.rpy", ["renpy"]], ["renpy/common/**.rpym", ["renpy"]], ["renpy/common/_compat/**", ["renpy"]], ["renpy/common/**", ["all"]], ["renpy/**", ["all"]], ["lib/*/renpy", null], ["lib/*/renpy.exe", null], ["lib/*/pythonw.exe", null], ["lib/py2-*/", null], ["lib/py*-windows-i686/**", ["windows_i686"]], ["lib/py*-windows-x86_64/**", ["windows"]], ["lib/py*-linux-i686/**", ["linux_i686"]], ["lib/py*-linux-aarch64/**", ["linux_arm"]], ["lib/py*-linux-armv7l/**", ["linux_arm"]], ["lib/py*-linux-*/**", ["linux"]], ["lib/py*-mac-*/**", ["mac"]], ["lib/python2.*/**", null], ["lib/**", ["windows", "linux", "mac", "android", "ios"]], ["renpy.sh", ["linux", "mac"]]], "xbit_patterns": ["**.sh", "lib/py*-linux-*/*", "lib/py*-mac-*/*", "**.app/Contents/MacOS/*"], "version": "", "display_name": "Class of '09", "exclude_empty_directories": true, "allow_integrated_gpu": true, "renpy": false, "script_version": true, "destination": "-dists", "mac_info_plist": {}, "merge": [["linux_i686", "linux"], ["windows_i686", "windows"]], "include_i686": true, "change_icon_i686": true, "android_permissions": [], "_sdk_fonts": false}}